QuestionID,Answer,CP_Raw,CP_UN,CP_LN,MCP_output,MCP_Answer
Mercury_7175875,C,D,B,D,C,C
Mercury_SC_409171,B,B,B,B,B,B
Mercury_SC_408547,C,B,C,C,B,B
Mercury_407327,D,B,D,D,D,D
MCAS_2006_9_44,D,C,C,C,C,C
Mercury_7270393,B,D,B,C,D,D
MCAS_2014_5_7,C,B,D,C,D,D
Mercury_7086660,C,C,A,C,C,C
Mercury_7168805,B,A,D,D,C,C
MCAS_2003_8_11,A,A,A,A,A,A
Mercury_7250058,B,B,B,B,C,C
Mercury_7012740,A,A,A,A,A,A
Mercury_LBS10610,C,C,B,C,A,A
Mercury_SC_407400,C,A,D,D,D,D
Mercury_7212993,C,D,A,D,D,D
Mercury_SC_413240,A,B,B,B,A,A
Mercury_7186358,C,B,D,B,C,C
Mercury_7166425,B,B,B,B,B,B
MDSA_2007_8_3,A,C,C,C,A,A
Mercury_7094290,C,D,D,D,D,D
Mercury_7186568,B,B,B,C,B,B
Mercury_402216,B,B,B,B,B,B
Mercury_404894,A,D,B,C,A,A
MCAS_2002_8_11,C,C,C,C,C,C
Mercury_SC_405086,B,B,D,B,B,B
Mercury_SC_408324,D,A,D,D,A,A
Mercury_7218820,B,A,D,D,B,B
Mercury_412202,B,B,B,B,B,B
Mercury_SC_409139,C,C,B,B,C,C
Mercury_400687,B,C,D,B,B,B
Mercury_7171605,D,B,D,D,D,D
Mercury_7210245,C,B,A,C,B,B
AKDE&ED_2008_4_25,A,D,D,A,A,A
AKDE&ED_2008_4_19,C,C,C,C,C,C
Mercury_SC_400402,A,A,B,D,A,A
Mercury_7234308,A,C,C,C,D,D
ACTAAP_2014_5_8,B,C,C,D,B,B
Mercury_400407,B,B,B,C,A,A
Mercury_7116288,C,C,C,C,C,C
MCAS_2004_9_15-v1,B,C,C,C,B,B
NYSEDREGENTS_2015_4_26,C,D,C,C,C,C
Mercury_SC_401620,A,A,D,D,B,B
Mercury_400877,C,C,C,C,C,C
Mercury_7174213,D,A,B,A,D,D
NYSEDREGENTS_2008_8_34,2,2,2,2,D,D
Mercury_7212398,B,C,C,C,B,B
Mercury_SC_401290,C,B,B,B,C,C
Mercury_SC_402120,C,C,D,C,C,C
Mercury_184975,C,B,A,B,D,D
Mercury_SC_400578,A,A,B,D,A,A
MCAS_2001_8_4,D,C,B,C,B,B
MCAS_2003_5_33,C,B,C,C,D,D
Mercury_7068513,A,C,D,C,D,D
AKDE&ED_2008_4_26,C,D,D,D,A,A
Mercury_7235638,C,A,B,A,C,C
MDSA_2009_5_20,B,A,D,D,B,B
Mercury_178325,C,D,D,D,D,D
Mercury_7212678,A,A,D,B,A,A
TAKS_2009_8_32,A,B,D,B,A,A
Mercury_412681,C,D,D,A,B,B
Mercury_400440,D,D,D,D,D,D
Mercury_SC_416529,B,B,C,B,B,B
MCAS_2006_8_1,D,D,D,D,D,D
TIMSS_2003_8_pg80,C,C,C,C,C,C
Mercury_416645,D,C,B,C,D,D
Mercury_406777,A,A,D,A,A,A
Mercury_LBS11018,A,B,B,B,B,B
Mercury_7139878,C,B,A,B,C,C
Mercury_417147,B,C,C,B,A,A
Mercury_7016765,A,A,B,A,C,C
Mercury_415303,A,A,A,A,D,D
Mercury_7215845,C,D,D,D,C,C
Mercury_7136885,B,A,D,D,B,B
Mercury_SC_400059,D,D,D,D,D,D
Mercury_7044328,D,B,D,D,D,D
MEA_2010_8_1,A,B,D,D,D,D
Mercury_414099,B,A,B,D,B,B
Mercury_410807,B,C,D,D,B,B
Mercury_403234,B,C,C,D,B,B
Mercury_7011323,A,C,B,C,D,D
Mercury_7109463,D,D,D,D,D,D
Mercury_SC_401277,C,C,C,C,C,C
MCAS_2005_5_25,C,C,D,C,B,B
Mercury_SC_401272,D,D,D,D,D,D
Mercury_7103600,D,C,C,C,C,C
MDSA_2009_8_2,A,A,A,A,A,A
Mercury_7127943,A,C,D,D,A,A
ACTAAP_2009_7_8,D,A,D,D,D,D
MCAS_2006_9_43,C,C,C,C,D,D
Mercury_7252088,C,D,D,D,C,C
Mercury_7084665,A,A,A,A,A,A
FCAT_2008_5_2,D,A,A,A,A,A
Mercury_SC_414041,D,C,D,D,C,C
MCAS_2014_8_20,A,D,D,D,A,A
Mercury_SC_401116,B,B,B,B,B,B
Mercury_7064680,C,B,A,B,A,A
Mercury_7211680,C,D,A,C,B,B
Mercury_180373,B,B,C,A,A,A
Mercury_7216248,B,C,C,A,B,B
Mercury_SC_417677,B,B,B,D,B,B
Mercury_7221655,C,C,C,C,C,C
MCAS_2006_9_12,D,D,C,D,D,D
MCAS_2004_9_2,A,C,A,A,B,B
Mercury_180005,B,C,A,D,B,B
Mercury_7071523,C,C,C,C,C,C
Mercury_7263375,B,A,B,A,B,B
TIMSS_2011_8_pg102,D,D,D,D,D,D
Mercury_406550,B,D,B,C,D,D
Mercury_SC_400057,D,D,D,D,D,D
TAKS_2009_5_26,A,D,D,D,A,A
LEAP_2007_8_10417,A,A,D,C,A,A
Mercury_7027405,A,C,C,D,A,A
Mercury_7058415,A,C,A,C,B,B
Mercury_7215828,A,A,A,A,A,A
Mercury_7064575,B,B,B,B,A,A
Mercury_7097493,D,D,C,D,D,D
AKDE&ED_2008_8_47,B,A,C,A,C,C
Mercury_405136,C,C,C,C,C,C
Mercury_415086,D,D,D,D,B,B
Mercury_7228725,C,A,A,D,A,A
Mercury_7201740,A,D,B,A,A,A
NYSEDREGENTS_2010_4_4,A,A,A,C,A,A
MEAP_2005_8_21,D,C,D,B,D,D
Mercury_7026355,A,A,D,D,A,A
Mercury_7249708,B,A,B,A,A,A
Mercury_7107170,D,D,C,D,D,D
Mercury_183820,A,D,B,D,A,A
Mercury_SC_401357,B,B,D,B,C,C
NYSEDREGENTS_2008_8_11,4,4,4,4,D,D
Mercury_416650,C,A,D,A,A,A
NCEOGA_2013_5_20,B,C,C,A,B,B
Mercury_400500,C,C,A,D,C,C
Mercury_SC_401366,D,D,D,D,D,D
Mercury_7141610,B,B,B,B,B,B
Mercury_7247013,B,A,D,A,A,A
NYSEDREGENTS_2008_8_30,2,2,2,2,A,A
ACTAAP_2011_5_16,B,B,B,B,B,B
Mercury_7093153,B,A,B,D,B,B
Mercury_7013965,A,A,A,B,A,A
Mercury_7034843,B,A,A,A,A,A
Mercury_SC_407610,D,D,D,D,D,D
Mercury_405947,C,C,C,C,C,C
AKDE&ED_2012_8_6,A,D,A,D,A,A
Mercury_7011130,A,D,C,D,A,A
Mercury_LBS11022,A,B,B,A,A,A
TIMSS_1995_8_J1,C,B,A,A,C,C
Mercury_SC_408366,B,C,A,C,B,B
Mercury_7009993,A,A,D,D,C,C
Mercury_401699,C,C,C,C,D,D
Mercury_7056858,A,A,A,A,A,A
Mercury_7027160,C,D,D,D,C,C
Mercury_400811,D,A,B,A,D,D
Mercury_SC_400062,D,A,D,A,D,D
Mercury_400699,B,B,B,B,C,C
Mercury_7029803,B,B,D,D,B,B
Mercury_SC_401372,D,B,A,B,D,D
Mercury_7271128,C,A,B,A,B,B
Mercury_407260,B,D,B,D,C,C
Mercury_SC_416155,C,B,B,A,C,C
Mercury_402145,B,C,B,C,B,B
AIMS_2009_4_5,A,B,C,B,A,A
TIMSS_2003_4_pg7,D,C,B,C,A,A
Mercury_7142415,A,A,D,A,C,C
Mercury_7212818,B,A,C,A,A,A
Mercury_SC_413299,A,A,A,B,A,A
Mercury_7132020,A,C,C,C,A,A
MEA_2014_8_10,C,B,C,B,C,C
TIMSS_1995_8_N2,B,D,B,C,C,C
Mercury_7024465,A,A,D,D,D,D
Mercury_SC_415762,D,C,D,D,D,D
Mercury_415093,D,A,B,D,D,D
LEAP_2005_8_10404,D,C,C,D,D,D
AIMS_2008_8_6,B,D,D,D,A,A
Mercury_7057173,D,A,A,A,A,A
TIMSS_2007_8_pg60,C,B,B,D,C,C
AIMS_2009_8_14,A,B,B,B,C,C
Mercury_185010,A,A,B,A,A,A
Mercury_7206938,A,D,D,D,A,A
Mercury_402501,B,B,B,D,B,B
MCAS_2011_8_15365,C,C,D,C,C,C
Mercury_SC_401766,A,B,A,A,A,A
Mercury_7162400,D,D,D,D,D,D
Mercury_7086695,C,D,B,B,B,B
Mercury_SC_402994,C,B,B,B,C,C
Mercury_7056298,A,D,A,D,A,A
Mercury_409115,C,B,C,B,D,D
Mercury_409647,D,B,D,B,A,A
Mercury_414352,A,A,B,D,C,C
Mercury_185325,C,C,C,C,C,C
Mercury_SC_412374,C,B,B,B,C,C
Mercury_SC_401818,C,B,B,B,C,C
Mercury_SC_413549,B,C,C,B,A,A
Mercury_7093958,A,A,C,A,A,A
Mercury_7102323,D,D,D,D,D,D
Mercury_7222793,B,D,B,B,B,B
Mercury_SC_400701,A,A,D,D,A,A
Mercury_409301,B,B,B,B,C,C
Mercury_SC_400383,C,C,A,B,C,C
CSZ_2005_5_CSZ10021,B,A,B,B,B,B
Mercury_SC_407070,B,A,A,B,A,A
Mercury_SC_400708,C,A,C,C,B,B
Mercury_7075040,C,C,C,C,C,C
Mercury_7137165,A,A,A,A,A,A
Mercury_SC_400046,B,D,D,D,B,B
Mercury_7099330,D,C,C,C,C,C
MDSA_2007_5_2,C,C,C,C,A,A
Mercury_7271758,B,A,A,B,B,B
MCAS_2003_8_31,C,A,D,A,A,A
AKDE&ED_2008_8_53,C,A,D,A,A,A
TIMSS_2007_8_pg109,C,D,C,A,C,C
Mercury_175385,C,A,B,C,C,C
Mercury_410669,D,A,A,A,C,C
MEAP_2005_8_39,C,D,D,C,C,C
Mercury_SC_408568,B,A,A,D,A,A
AKDE&ED_2008_8_7,B,B,C,B,B,B
Mercury_7082845,B,B,B,B,B,B
Mercury_SC_405726,D,C,D,C,D,D
Mercury_SC_415407,A,B,B,B,B,B
Mercury_SC_401792,C,C,C,C,C,C
LEAP_2000_8_4,B,C,A,C,A,A
Mercury_SC_413439,A,D,A,D,B,B
ACTAAP_2014_7_13,B,B,A,B,B,B
Mercury_SC_402638,A,C,A,C,C,C
Mercury_SC_406725,A,B,D,B,A,A
NYSEDREGENTS_2015_4_29,A,A,C,D,A,A
Mercury_406136,A,A,A,A,A,A
MSA_2012_5_23,C,A,D,C,C,C
Mercury_405873,B,C,A,A,B,B
Mercury_7043820,B,B,B,B,A,A
MCAS_2005_5_34,B,B,B,B,B,B
Mercury_7182245,D,A,A,A,D,D
MSA_2012_8_30,A,D,B,D,A,A
Mercury_7252753,A,A,C,A,A,A
TAKS_2009_8_36,B,A,A,A,A,A
Mercury_SC_415473,C,D,D,D,D,D
Mercury_SC_413624,B,B,D,B,B,B
Mercury_7016800,D,C,A,C,D,D
Mercury_SC_407228,D,C,B,C,B,B
Mercury_414504,B,D,D,D,A,A
TIMSS_2011_4_pg27,A,A,D,A,A,A
Mercury_SC_402029,D,D,D,D,D,D
Mercury_7131845,C,A,D,A,C,C
Mercury_SC_405533,B,A,A,D,B,B
Mercury_7086748,A,A,A,A,A,A
MDSA_2007_8_17,B,D,D,C,D,D
Mercury_7210473,C,C,C,C,C,C
Mercury_7214340,A,A,A,A,C,C
MCAS_2005_9_17,C,D,D,D,C,C
MEA_2016_8_12,B,C,C,C,A,A
Mercury_SC_401278,B,A,A,A,A,A
Mercury_SC_407689,D,A,B,A,D,D
Mercury_7230405,B,C,A,C,A,A
Mercury_SC_405640,A,A,A,A,A,A
Mercury_7201775,D,D,C,C,D,D
Mercury_7177398,D,B,B,B,A,A
Mercury_7041423,A,D,D,D,A,A
Mercury_7004743,D,D,D,D,A,A
Mercury_7198468,A,C,A,C,A,A
MEA_2014_5_11,C,A,D,A,C,C
Mercury_410602,A,C,B,B,A,A
Mercury_7108868,C,B,C,B,C,C
Mercury_7033828,D,D,D,D,D,D
TIMSS_2007_4_pg19,A,A,A,A,A,A
Mercury_400828,D,C,C,C,C,C
VASoL_2008_3_16,B,D,B,D,B,B
LEAP__5_10315,C,C,C,C,C,C
Mercury_SC_415471,A,D,B,B,A,A
Mercury_7247065,C,B,D,C,C,C
MDSA_2011_5_3,B,B,A,B,B,B
MDSA_2009_5_39,C,D,A,D,C,C
Mercury_187198,C,D,C,C,C,C
MCAS_2000_4_36,A,C,B,C,A,A
Mercury_184100,C,D,C,B,C,C
Mercury_LBS10814,B,B,B,B,B,B
Mercury_SC_408384,B,A,D,A,B,B
Mercury_7043068,D,D,C,B,D,D
Mercury_411071,B,B,B,B,B,B
NYSEDREGENTS_2010_4_24,B,D,B,D,B,B
Mercury_SC_409673,D,A,C,A,D,D
Mercury_SC_400374,B,B,D,D,B,B
CSZ_2009_8_CSZ20740,B,B,B,B,B,B
Mercury_SC_406482,D,D,D,D,B,B
OHAT_2007_8_24,A,D,A,B,A,A
Mercury_188335,B,D,D,D,B,B
Mercury_7128555,B,C,C,C,A,A
Mercury_407517,C,A,C,A,C,C
Mercury_405950,C,D,D,D,C,C
MCAS_2004_9_5,C,C,C,C,C,C
NCEOGA_2013_8_28,B,A,A,A,B,B
Mercury_SC_406451,C,A,D,C,C,C
Mercury_7109323,D,A,A,A,A,A
Mercury_404132,B,D,D,B,D,D
Mercury_7210210,C,C,C,C,A,A
Mercury_SC_408042,B,B,B,B,B,B
MCAS_2004_8_14,C,C,C,B,C,C
TIMSS_2011_4_pg5,B,B,B,B,B,B
Mercury_SC_406833,C,C,C,C,C,C
Mercury_7029558,C,A,C,D,D,D
Mercury_7138390,B,C,C,B,B,B
MEAP_2005_5_12,A,B,C,D,D,D
MCAS_2000_4_30,D,C,D,D,A,A
MCAS_1998_4_12,C,A,C,C,C,C
Mercury_175840,B,B,C,B,B,B
Mercury_7099190,C,C,C,C,C,C
Mercury_SC_401605,A,B,D,C,D,D
TAKS_2009_5_36,A,A,A,A,A,A
Mercury_7171570,D,D,D,A,D,D
Mercury_SC_402057,C,B,D,C,C,C
Mercury_SC_413628,C,C,C,C,C,C
Mercury_LBS10131,C,C,C,C,C,C
Mercury_7032428,B,A,A,A,D,D
Mercury_7025008,A,B,A,B,A,A
MEA_2011_8_19,D,D,C,D,D,D
NYSEDREGENTS_2008_8_27,3,3,3,3,C,C
VASoL_2007_5_22,B,C,C,C,B,B
NCEOGA_2013_5_19,A,A,B,D,B,B
Mercury_7037555,C,B,D,B,C,C
Mercury_402132,B,C,C,C,B,B
MCAS_2006_8_24,A,C,C,C,A,A
Mercury_7128923,B,D,B,D,D,D
Mercury_416379,A,C,B,A,C,C
Mercury_7168053,C,C,B,B,A,A
AKDE&ED_2008_8_1,A,A,A,A,A,A
Mercury_SC_415476,B,B,B,A,B,B
Mercury_7106960,A,A,A,A,A,A
Mercury_7160563,C,A,D,D,C,C
Mercury_7068583,B,D,C,D,B,B
Mercury_404638,D,A,A,A,D,D
Mercury_SC_407138,A,B,A,A,A,A
MCAS_2000_4_10,D,C,C,C,D,"D

Question: A person is using a flashlight with a dimmer switch. If she turns it up too much, what effect does this have on the light intensity produced by the bulb?
A. The light intensity increases.
B. The light intensity decreases.
C. The light intensity oscillates between increasing and decreasing.
D. There is no effect on the light intensity.
Answer: A"
Mercury_177748,D,B,A,B,D,D
MCAS_2004_9_21-v1,C,C,A,C,D,D
MDSA_2007_5_16,A,A,B,A,A,A
Mercury_401763,B,B,C,B,B,B
Mercury_7268118,C,A,A,A,C,C
Mercury_403232,D,D,D,D,D,D
Mercury_415081,A,D,D,D,C,C
Mercury_7206378,B,B,B,A,B,B
CSZ30169,A,D,B,D,B,B
Mercury_7013948,D,C,D,C,D,D
Mercury_SC_402164,C,C,C,C,D,D
Mercury_400880,C,C,A,C,B,B
Mercury_7040793,B,A,A,D,B,B
MDSA_2010_5_29,D,B,D,D,D,D
LEAP__8_10365,A,B,D,D,A,A
Mercury_SC_401295,B,B,B,B,B,B
MCAS_2012_5_23625,C,B,A,B,C,C
Mercury_7268048,C,C,C,D,C,C
Mercury_SC_402629,A,A,D,A,A,A
NCEOGA_2013_8_42,D,A,B,B,B,B
Mercury_412463,D,C,D,C,C,C
Mercury_409295,B,C,A,A,B,B
Mercury_404609,D,A,B,A,D,D
Mercury_7230090,C,B,B,B,C,C
Mercury_7057488,D,A,A,B,D,D
MDSA_2009_4_1,D,C,D,C,C,C
Mercury_7150728,A,A,B,A,B,B
Mercury_402207,B,A,C,D,D,D
Mercury_411732,D,A,D,D,A,A
Mercury_7270113,C,D,B,C,C,C
AKDE&ED_2008_8_3,B,D,D,D,D,D
MCAS_1999_8_1,A,B,A,B,B,B
NYSEDREGENTS_2015_4_24,C,B,B,A,C,C
Mercury_7122640,A,A,A,A,A,A
Mercury_402547,C,C,B,C,C,C
Mercury_7133945,B,B,B,A,B,B
Mercury_7199028,B,D,D,D,C,C
Mercury_7217298,A,C,A,C,A,A
Mercury_7057680,C,B,A,C,A,A
Mercury_SC_400404,D,A,B,C,C,C
Mercury_SC_408030,A,C,A,C,A,A
Mercury_415083,B,B,B,B,B,B
Mercury_409114,B,B,B,B,B,B
Mercury_SC_415006,A,D,B,A,A,A
MSA_2012_5_15,C,C,D,B,C,C
Mercury_SC_402612,D,B,D,D,D,D
Mercury_SC_405937,B,B,B,B,B,B
Mercury_SC_416459,C,A,B,A,A,A
NAEP_2000_8_S21+4,C,A,C,C,C,C
Mercury_7072380,B,D,D,D,B,B
Mercury_SC_401373,A,A,A,A,A,A
Mercury_SC_400579,C,C,C,C,C,C
MCAS_2003_5_14,C,C,C,C,C,C
MSA_2015_8_30,A,A,A,C,A,A
Mercury_SC_415416,C,D,C,D,B,B
NYSEDREGENTS_2012_8_42,2,2,2,2,B,B
NCEOGA_2013_5_9,B,A,A,A,D,D
MEAP_2005_8_45,D,A,B,B,A,A
Mercury_SC_400594,D,B,D,B,D,D
NCEOGA_2013_8_43,A,A,A,A,A,A
MCAS_2006_8_13,C,C,C,C,C,C
Mercury_7168823,D,B,D,B,D,D
Mercury_7158935,C,A,A,A,A,A
Mercury_7172708,B,A,D,A,A,A
ACTAAP_2010_5_1,A,A,A,D,D,D
Mercury_7093048,C,C,C,D,C,C
Mercury_7081603,C,A,B,D,C,C
Mercury_SC_LBS11003,D,B,B,B,D,D
MCAS_2005_8_2,C,B,C,D,C,C
ACTAAP_2010_7_14,C,C,D,C,C,C
NYSEDREGENTS_2008_4_15,C,C,C,C,C,C
Mercury_7107240,A,A,A,D,A,A
Mercury_7218628,C,C,B,C,C,C
MSA_2013_5_23,D,B,A,C,D,D
Mercury_7081725,A,C,C,C,A,A
Mercury_SC_413542,A,D,A,B,A,A
Mercury_SC_407302,C,C,C,D,C,C
Mercury_175053,D,B,A,B,A,A
Mercury_7161315,B,A,B,D,D,D
Mercury_189070,A,B,B,D,B,B
Mercury_7189123,B,C,B,B,B,B
Mercury_SC_402171,D,A,D,D,C,C
Mercury_7217368,B,B,B,B,B,B
Mercury_LBS10933,A,A,A,A,B,B
Mercury_7223160,C,A,D,A,A,A
Mercury_SC_401324,D,A,C,C,D,D
LEAP_2001_8_10379,A,A,A,C,A,A
VASoL_2009_5_30,D,A,D,A,B,B
Mercury_416404,D,B,C,C,D,D
Mercury_7103530,B,B,B,B,D,D
Mercury_7030870,A,C,B,C,C,C
LEAP__7_10348,C,C,C,C,C,C
Mercury_SC_406835,B,D,A,A,D,D
Mercury_178255,B,A,C,D,B,B
MDSA_2012_8_16,B,B,C,B,B,B
Mercury_409645,D,D,A,B,B,B
TIMSS_2003_8_pg47,C,B,C,A,C,C
NYSEDREGENTS_2010_8_16,2,2,1,2,B,B
Mercury_7159810,B,A,D,A,B,B
Mercury_7267523,B,C,B,C,B,B
Mercury_SC_401006,A,A,A,A,A,A
ACTAAP_2010_7_12,D,B,D,B,D,D
MEAP_2005_8_13,D,A,D,A,B,B
Mercury_7164623,C,C,C,C,A,A
Mercury_417127,A,A,B,C,A,A
Mercury_411224,B,B,B,B,B,B
TIMSS_2011_8_pg15,D,D,D,D,C,C
NYSEDREGENTS_2012_8_19,3,3,3,3,C,C
Mercury_7222460,A,C,A,C,A,A
Mercury_7007420,C,B,C,B,C,C
Mercury_SC_405710,D,C,A,C,D,D
Mercury_SC_401375,C,D,D,D,C,C
VASoL_2010_3_22,A,A,C,A,A,A
Mercury_SC_408358,A,C,D,C,A,A
NYSEDREGENTS_2013_8_42,2,2,1,3,C,C
Mercury_SC_400661,D,B,C,D,D,D
Mercury_SC_415422,C,A,D,C,C,C
Mercury_SC_400162,D,C,D,D,D,D
Mercury_7212328,B,D,B,B,B,B
NCEOGA_2013_8_26,D,B,D,A,D,D
Mercury_SC_407696,B,C,A,C,B,B
Mercury_SC_400052,B,B,B,B,B,B
Mercury_7212870,D,B,B,B,B,B
NYSEDREGENTS_2010_8_35,3,1,3,1,C,C
MCAS_2010_8_12005,A,A,A,A,A,A
Mercury_7218505,B,B,B,B,B,B
Mercury_SC_400853,D,B,D,D,D,D
Mercury_7210455,C,D,C,C,C,C
Mercury_7174738,C,C,C,C,C,C
MCAS_2001_5_2,D,B,D,B,D,D
NYSEDREGENTS_2012_4_9,A,D,A,D,A,A
Mercury_416593,B,C,D,D,D,D
Mercury_7205870,B,C,C,C,B,B
Mercury_SC_401798,C,C,D,C,C,C
Mercury_7084228,D,B,D,B,D,D
Mercury_417460,A,B,B,B,D,D
Mercury_402539,B,B,B,B,B,B
Mercury_406800,B,D,D,B,B,B
Mercury_SC_408321,A,A,A,A,A,A
Mercury_SC_406836,C,D,A,A,C,C
Mercury_SC_410963,D,B,B,D,D,D
Mercury_7132405,D,A,D,C,D,D
Mercury_SC_408872,C,C,D,C,C,C
VASoL_2008_3_25,B,B,B,B,B,B
WASL_2005_8_12,A,A,A,A,A,A
AKDE&ED_2012_8_20,B,B,D,D,B,B
Mercury_7056823,B,D,B,C,B,B
Mercury_7205800,B,A,D,A,B,B
Mercury_SC_402282,A,A,A,D,A,A
MCAS_1998_8_26,C,A,C,D,C,C
Mercury_7230318,D,A,A,D,D,D
Mercury_SC_416167,C,C,C,C,C,C
Mercury_7027720,B,B,D,D,B,B
LEAP__5_10312,B,A,B,A,B,B
Mercury_405161,D,D,B,C,D,D
Mercury_SC_409245,D,A,D,D,D,D
ACTAAP_2011_5_8,C,A,A,D,C,C
Mercury_7223370,D,D,A,A,D,D
Mercury_SC_400697,B,C,D,B,A,A
Mercury_SC_401262,D,D,D,D,D,D
Mercury_7136063,B,B,A,A,B,B
Mercury_405876,D,C,B,C,A,A
Mercury_7057890,A,D,A,D,A,A
LEAP_2002_4_10247,B,B,B,B,A,A
Mercury_SC_405481,C,C,C,C,C,C
Mercury_SC_400401,B,D,B,D,B,B
Mercury_7064260,B,B,A,B,B,B
Mercury_7015995,B,B,B,C,C,C
Mercury_400887,B,B,B,A,C,C
Mercury_7247678,A,A,D,A,A,A
MDSA_2007_8_24,C,A,D,A,C,C
AKDE&ED_2008_8_48,A,B,D,A,A,A
Mercury_401014,C,A,C,C,D,D
Mercury_7106698,A,A,C,A,C,C
Mercury_7143308,B,B,D,A,B,B
MCAS_2005_9_21,B,B,A,B,A,A
Mercury_400443,B,B,C,B,A,A
Mercury_7283430,B,B,A,B,B,B
Mercury_7159250,C,C,C,D,C,C
Mercury_401912,A,B,B,B,C,C
Mercury_7219328,B,A,D,A,B,B
Mercury_7214498,C,A,D,D,B,B
TAKS_2009_5_14,A,A,C,A,A,A
NYSEDREGENTS_2013_4_17,D,D,D,D,D,D
Mercury_403907,C,C,D,C,C,C
Mercury_7081480,A,A,A,A,A,A
Mercury_416505,B,C,A,C,A,A
Mercury_7041668,D,A,D,A,D,D
Mercury_SC_401309,C,B,B,D,B,B
NYSEDREGENTS_2010_4_1,B,B,B,B,B,B
ACTAAP_2007_7_36,C,C,C,C,C,C
VASoL_2009_3_12,D,B,D,B,A,A
Mercury_7085295,C,C,A,C,C,C
Mercury_7201968,A,B,D,B,B,B
Mercury_7214008,C,D,B,D,C,C
Mercury_176855,B,B,B,B,B,B
Mercury_SC_401678,B,A,D,A,B,B
Mercury_417143,D,D,D,D,D,D
NYSEDREGENTS_2013_4_21,D,D,A,D,D,D
Mercury_7032620,B,B,A,B,B,B
NYSEDREGENTS_2008_8_9,4,4,2,4,D,D
TAKS_2009_8_27,C,C,C,C,C,C
NCEOGA_2013_8_57,C,C,C,A,C,C
Mercury_SC_413143,C,C,B,C,B,B
Mercury_401195,D,B,B,B,D,D
CSZ10358,A,A,A,C,B,B
MCAS_1999_4_26,C,C,C,C,A,A
AKDE&ED_2008_8_36,A,B,B,B,A,A
Mercury_7017938,B,B,B,B,B,B
MDSA_2013_8_32,D,B,D,B,D,D
Mercury_7038028,C,B,B,B,C,C
Mercury_7057103,C,C,C,C,C,C
NYSEDREGENTS_2008_4_26,C,C,C,C,C,C
Mercury_417117,C,C,C,C,C,C
MCAS_2016_8_15,C,A,C,C,C,C
Mercury_400780,C,A,A,A,B,B
NYSEDREGENTS_2008_8_32,1,2,1,1,A,A
Mercury_SC_416104,C,C,D,D,C,C
Mercury_416646,B,C,C,C,C,C
Mercury_SC_405296,C,C,C,C,C,C
MCAS_2006_8_31,D,D,D,A,D,D
MCAS_2015_5_14,A,B,B,B,A,A
Mercury_417465,C,A,D,A,C,C
MCAS_1998_4_19,D,D,D,D,C,C
Mercury_7214778,D,B,D,B,D,D
Mercury_7123393,D,A,D,D,D,D
Mercury_7207550,D,D,D,A,D,D
Mercury_SC_405827,B,D,A,D,A,A
NYSEDREGENTS_2015_4_11,D,D,D,D,D,D
Mercury_404097,C,D,B,D,C,C
AIMS_2009_4_4,C,C,D,D,B,B
NCEOGA_2013_8_18,A,B,D,D,A,A
Mercury_400884,B,B,B,D,B,B
Mercury_7219678,A,C,C,B,A,A
ACTAAP_2010_5_7,B,B,B,B,C,C
ACTAAP_2012_7_9,C,C,C,D,C,C
MCAS_2005_8_6,A,A,D,A,A,A
Mercury_SC_401162,C,A,A,A,C,C
Mercury_SC_407710,D,D,D,D,D,D
VASoL_2009_3_23,D,D,D,D,D,D
Mercury_SC_402276,D,B,D,D,A,A
Mercury_400744,A,A,B,A,A,A
Mercury_SC_LBS10902,B,A,D,D,D,D
Mercury_7133245,B,D,D,D,D,D
Mercury_7131530,B,B,A,B,C,C
Mercury_7041143,C,C,C,C,C,C
MCAS_2010_5_11984,A,B,B,B,A,A
Mercury_7159285,C,D,C,D,C,C
AIMS_2008_8_13,D,D,D,D,C,C
MDSA_2013_8_20,C,B,D,B,C,C
Mercury_7114100,A,D,A,D,A,A
Mercury_7213343,A,A,C,A,D,D
Mercury_SC_LBS10597,A,B,D,A,B,B
Mercury_7126263,B,D,B,D,B,B
Mercury_7133613,A,C,A,C,A,A
Mercury_7234605,D,A,C,A,D,D
Mercury_SC_400839,B,A,B,B,B,B
Mercury_SC_402984,B,A,A,B,B,B
NYSEDREGENTS_2012_4_29,C,C,C,C,C,C
VASoL_2009_3_22,D,B,A,B,D,D
Mercury_409349,A,B,A,A,A,A
Mercury_SC_407417,D,A,D,A,A,A
VASoL_2007_5_21,C,D,D,D,C,C
MCAS_2012_8_23651,A,D,A,D,A,A
MCAS_2000_4_26,D,B,C,C,D,D
Mercury_SC_410971,A,A,A,D,A,A
Mercury_404841,D,A,C,A,B,B
Mercury_416651,A,B,C,D,C,C
Mercury_416576,B,A,C,C,B,B
MCAS_1998_8_24,D,C,A,D,A,A
Mercury_SC_408367,B,C,D,D,B,B
Mercury_405804,D,D,B,D,D,D
Mercury_7216318,A,D,A,D,A,A
Mercury_401312,D,D,D,D,C,C
MDSA_2013_8_23,D,D,C,D,C,C
Mercury_SC_405880,A,A,A,A,D,D
ACTAAP_2009_5_12,B,A,B,A,C,C
CSZ20754,B,C,C,C,C,C
Mercury_184363,D,A,D,D,A,A
Mercury_7188195,C,C,C,C,D,D
Mercury_7221043,D,D,D,D,B,B
Mercury_7107328,B,B,A,B,B,B
Mercury_415084,C,C,C,D,A,A
Mercury_415082,A,A,A,C,B,B
Mercury_SC_416169,A,B,A,B,A,A
MEA_2011_8_13,A,A,C,B,C,C
TIMSS_2003_4_pg82,A,C,A,C,A,A
CSZ30338,C,C,C,C,C,C
TIMSS_2003_8_pg85,B,D,A,A,B,B
Mercury_7221988,C,D,D,D,C,C
NCEOGA_2013_5_11,D,C,C,C,A,A
MCAS_2013_8_29416,B,B,B,D,B,B
Mercury_SC_401142,B,B,C,B,B,B
Mercury_7206395,C,D,C,D,C,C
Mercury_179025,B,B,B,B,A,A
Mercury_7130620,B,D,D,D,D,D
Mercury_177870,C,D,B,D,C,C
Mercury_7282083,B,D,B,A,A,A
Mercury_SC_400233,C,C,D,C,C,C
Mercury_7082443,B,A,D,A,D,D
NCEOGA_2013_8_15,B,A,A,A,A,A
Mercury_7210140,A,A,A,A,A,A
Mercury_7106593,D,D,D,D,D,D
Mercury_416536,B,C,C,C,B,B
Mercury_410026,D,B,D,B,D,D
ACTAAP_2011_5_1,B,A,B,A,B,B
Mercury_417138,B,B,D,B,A,A
Mercury_7138915,D,D,C,D,A,A
NYSEDREGENTS_2008_4_11,C,B,A,B,A,A
Mercury_404435,D,B,C,D,D,D
MDSA_2009_5_25,B,C,C,C,B,B
OHAT_2007_8_12,C,A,A,A,C,C
Mercury_LBS10302,C,C,C,D,B,B
Mercury_7027248,B,B,D,B,D,D
Mercury_SC_401360,A,A,A,A,A,A
ACTAAP_2013_5_17,A,A,B,A,A,A
Mercury_407125,C,A,B,A,A,A
Mercury_404820,D,A,B,A,D,D
Mercury_SC_416168,B,B,C,B,B,B
TIMSS_1995_8_K18,A,A,A,A,A,A
Mercury_SC_405130,A,A,B,A,A,A
Mercury_SC_408631,C,C,C,C,C,C
Mercury_SC_408763,C,C,C,C,C,C
MCAS_8_2015_18,A,A,C,A,A,A
Mercury_411729,B,B,B,B,C,C
MDSA_2012_8_6,C,B,A,A,B,B
MCAS_1999_8_5,B,B,D,D,B,B
WASL_2004_8_17,D,B,B,C,A,A
Mercury_414365,C,B,A,B,C,C
Mercury_SC_415406,B,B,B,B,B,B
MCAS_2000_8_29,B,B,B,B,A,A
Mercury_416230,C,D,C,D,D,D
Mercury_7001295,C,C,C,A,C,C
MSA_2012_5_2,A,C,A,C,D,D
MCAS_2005_8_7,C,C,D,C,C,C
Mercury_7206553,D,C,B,C,B,B
VASoL_2010_3_39,A,A,A,A,A,A
Mercury_416380,A,A,A,C,B,B
OHAT_2008_5_34,C,C,D,C,C,C
Mercury_7268328,C,A,D,D,C,C
NYSEDREGENTS_2008_8_36,3,1,3,3,C,C
Mercury_SC_414156,C,C,C,C,C,C
Mercury_7094133,D,C,D,D,D,D
MEA_2013_5_15,C,D,D,B,D,D
OHAT_2010_8_35,A,C,A,A,A,A
Mercury_SC_416174,C,C,C,A,A,A
TIMSS_1995_8_J6,B,A,D,D,D,D
Mercury_SC_401587,A,D,D,D,A,A
MDSA_2011_5_23,D,D,D,D,C,C
AIMS_2008_8_11,C,C,D,C,D,D
Mercury_7159215,D,B,A,A,D,D
MCAS_2006_9_30,B,B,B,B,B,B
MCAS_1999_4_27,A,A,A,A,A,A
Mercury_7016538,C,C,C,C,C,C
Mercury_SC_409266,A,A,B,A,A,A
OHAT_2007_5_15,B,C,C,C,D,D
Mercury_7230073,B,B,B,B,C,C
Mercury_7245840,B,A,A,A,B,B
Mercury_SC_401788,B,B,A,B,B,B
ACTAAP_2014_7_5,D,C,D,B,D,D
MCAS_2004_5_11,D,D,A,D,D,D
NCEOGA_2013_8_7,A,C,C,C,C,C
LEAP__7_10339,A,C,C,C,A,A
Mercury_7018270,C,B,D,D,D,D
Mercury_7034808,A,A,A,C,C,C
Mercury_7216300,C,B,B,D,C,C
Mercury_SC_400985,C,B,B,B,C,C
Mercury_7188528,A,A,D,A,A,A
TIMSS_1995_8_R2,B,C,B,B,B,B
Mercury_SC_400032,C,C,C,C,C,C
Mercury_7252245,D,C,C,C,D,D
MCAS_2002_8_17,D,C,D,D,D,D
MDSA_2007_8_30,C,B,D,C,C,C
NCEOGA_2013_5_35,D,D,D,D,D,D
Mercury_7082758,B,B,B,B,B,B
Mercury_7094308,C,C,C,D,C,C
Mercury_7136028,A,C,C,C,D,D
Mercury_7159075,B,B,B,C,B,B
MCAS_2015_5_19,B,B,A,B,B,B
MSA_2012_5_12,A,A,C,A,A,A
MCAS_2014_5_13,D,A,D,A,D,D
Mercury_SC_400392,C,B,B,B,C,C
Mercury_7159320,A,B,B,B,B,B
Mercury_7218365,B,B,B,B,B,B
MCAS_2004_9_10-v1,C,A,C,A,A,A
AIMS_2009_4_12,D,A,D,D,D,D
Mercury_SC_414274,B,B,A,B,B,B
MCAS_2005_9_6,C,C,C,C,B,B
MCAS_1998_4_23,A,C,C,B,A,A
Mercury_7075023,D,B,D,B,C,C
Mercury_SC_400182,B,C,A,C,A,A
Mercury_SC_400133,B,A,A,A,B,B
MSA_2013_5_11,D,B,D,B,A,A
Mercury_SC_408706,B,B,D,B,B,B
Mercury_7213325,D,D,D,D,A,A
Mercury_SC_LBS10932,B,B,B,D,B,B
Mercury_192220,D,D,D,D,D,D
Mercury_SC_407247,C,C,A,C,C,C
Mercury_7024798,D,D,C,D,D,D
Mercury_7180810,C,A,A,A,C,C
Mercury_412780,B,A,A,A,C,C
LEAP_2011_8_10434,B,D,B,D,A,A
Mercury_7200340,D,A,C,D,A,A
Mercury_7056525,C,C,C,C,C,C
Mercury_7085278,D,C,D,C,D,D
AKDE&ED_2008_4_35,D,B,B,B,B,B
MCAS_1999_8_16,D,A,B,A,D,D
Mercury_SC_400063,D,A,A,A,A,A
Mercury_SC_401666,D,D,D,D,D,D
TIMSS_2011_8_pg31,C,A,A,A,C,C
Mercury_412673,B,A,C,D,D,D
Mercury_7130655,D,B,B,B,D,D
MCAS_2004_5_7,B,D,C,D,D,D
Mercury_7187373,D,A,B,A,D,D
Mercury_SC_401361,C,A,A,D,A,A
MCAS_2006_8_12,D,C,D,D,D,D
Mercury_7233765,B,A,D,C,D,D
Mercury_SC_407613,C,C,A,A,C,C
MCAS_2005_5_24,A,A,A,A,A,A
Mercury_405778,C,B,B,B,C,C
Mercury_7263060,D,A,A,A,D,D
Mercury_SC_401668,D,A,D,D,D,D
Mercury_7230388,D,A,D,D,C,C
Mercury_7041650,D,C,D,D,D,D
Mercury_SC_409009,A,B,B,C,B,B
Mercury_7223143,D,C,C,C,D,D
ACTAAP_2007_7_3,D,A,C,C,D,D
Mercury_7215670,C,C,C,D,A,A
MEA_2010_8_15,A,D,C,B,A,A
Mercury_7270515,B,A,B,A,B,B
Mercury_7006160,C,D,C,C,B,B
Mercury_SC_410630,C,C,A,A,A,A
Mercury_7082320,A,B,B,B,C,C
MEA_2013_8_1,A,A,B,A,A,A
Mercury_7033845,B,B,B,B,B,B
Mercury_7221620,A,A,A,A,B,B
LEAP__7_10352,D,B,D,B,D,D
Mercury_412605,C,C,C,C,C,C
Mercury_416638,A,B,B,B,B,B
MCAS_2011_8_17694,A,A,D,A,A,A
Mercury_SC_400012,D,D,D,D,C,C
Mercury_SC_413458,B,B,B,B,B,B
Mercury_7139545,C,D,C,D,D,D
NYSEDREGENTS_2015_4_5,B,B,B,B,B,B
TIMSS_2003_8_pg16,C,C,C,C,C,C
Mercury_SC_415073,A,A,A,A,A,A
Mercury_7012880,A,A,C,C,A,A
Mercury_191625,D,B,B,B,B,B
Mercury_SC_402985,B,B,B,B,B,B
Mercury_7005425,A,A,A,C,A,A
MDSA_2013_8_40,C,A,B,A,D,D
Mercury_401684,B,B,A,C,B,B
NCEOGA_2013_5_17,B,B,B,B,B,B
Mercury_7116183,B,B,B,B,A,A
Mercury_7106628,D,B,D,B,D,D
Mercury_7203473,D,A,A,D,A,A
Mercury_SC_416108,C,B,B,B,B,B
LEAP_2007_8_10418,C,A,D,A,D,D
Mercury_7111178,C,A,C,C,C,C
Mercury_7203560,A,A,A,A,A,A
ACTAAP_2013_7_2,A,A,C,A,A,A
MCAS_2012_8_23640,D,D,D,D,D,D
Mercury_404272,B,A,C,A,C,C
MCAS_2009_8_17,B,D,B,D,B,B
AIMS_2008_4_5,C,D,B,D,C,C
Mercury_7236513,D,A,A,A,A,A
Mercury_SC_LBS10027,B,B,B,B,B,B
Mercury_189053,D,B,C,C,A,A
Mercury_SC_414271,C,A,A,C,D,D
Mercury_408922,C,A,A,D,C,C
Mercury_7264093,C,D,D,D,C,C
Mercury_SC_LBS11009,C,B,A,B,C,C
Mercury_7191433,C,A,A,A,C,C
MEAP_2005_5_14,D,C,D,C,A,A
Mercury_416683,C,D,D,C,C,C
Mercury_7040775,B,B,B,B,B,B
Mercury_7222600,C,A,C,A,C,C
MCAS_2001_5_3,D,C,D,B,D,D
MCAS_2004_8_7,D,A,D,B,B,B
Mercury_415268,D,A,D,C,D,D
Mercury_7017710,C,A,A,C,A,A
Mercury_7210123,A,B,B,B,A,A
MCAS_2009_5_6519,C,C,C,C,A,A
Mercury_401502,D,A,A,A,B,B
Mercury_7109498,B,B,B,D,A,A
VASoL_2008_5_10,A,D,B,D,A,A
MCAS_2006_9_4,A,B,D,D,D,D
Mercury_402341,D,A,B,A,D,D
MCAS_2006_9_34,D,A,D,A,D,D
Mercury_7267715,C,B,D,D,C,C
Mercury_SC_413089,D,D,C,D,A,A
Mercury_SC_401656,A,B,A,B,A,A
Mercury_407019,D,A,B,D,A,A
Mercury_417128,B,C,D,C,D,D
Mercury_7081305,D,D,A,D,D,D
NYSEDREGENTS_2015_8_3,2,2,4,2,B,B
MEA_2016_8_15,A,D,D,D,C,C
ACTAAP_2015_7_9,D,C,B,C,D,D
Mercury_7216423,B,D,B,D,C,C
Mercury_416633,A,A,D,D,D,D
Mercury_7038518,D,B,B,B,D,D
Mercury_7085225,B,D,B,D,B,B
LEAP__4_10225,B,B,B,B,B,B
Mercury_SC_401661,D,B,B,B,D,D
TIMSS_1995_8_Q15,A,D,C,D,A,A
MCAS_1999_4_23,A,A,C,A,D,D
TIMSS_1995_8_J7,D,A,C,A,D,D
Mercury_SC_LBS10018,A,A,D,D,A,A
Mercury_SC_406855,D,B,B,B,B,B
Mercury_SC_415457,D,A,C,A,B,B
NYSEDREGENTS_2015_4_25,C,C,A,C,C,C
Mercury_7058135,B,A,B,A,A,A
MDSA_2008_4_19,B,D,A,D,C,C
AKDE&ED_2008_8_45,D,B,B,B,D,D
Mercury_7131758,A,B,B,C,B,B
NYSEDREGENTS_2013_8_10,2,2,2,2,B,B
Mercury_SC_401783,D,D,D,D,D,D
Mercury_7190120,B,B,B,B,B,B
Mercury_409317,B,B,B,B,B,B
Mercury_7268240,D,A,B,D,D,D
Mercury_7228358,D,D,A,D,B,B
MCAS_2004_5_33,C,A,C,D,D,D
Mercury_7008855,B,B,D,D,B,B
Mercury_7057085,B,D,A,B,A,A
Mercury_7171728,B,B,B,B,B,B
NAEP_2005_4_S14+3,C,B,A,C,C,C
Mercury_7024395,A,C,C,D,C,C
NYSEDREGENTS_2012_8_28,3,1,2,1,C,C
Mercury_7090790,A,A,A,A,A,A
TIMSS_2003_8_pg87,B,C,D,B,B,B
Mercury_SC_407382,C,B,B,C,C,C
MDSA_2010_4_20,B,C,C,C,B,B
Mercury_SC_405019,D,B,C,C,D,D
Mercury_7123078,D,A,D,D,D,D
Mercury_400084,D,D,B,D,C,C
Mercury_7139650,C,B,B,B,B,B
Mercury_417150,B,C,A,C,B,B
Mercury_SC_402256,C,C,C,C,C,C
TIMSS_2007_8_pg53,A,A,A,A,A,A
MCAS_2006_9_17-v1,D,C,D,C,A,A
Mercury_401728,D,C,D,D,D,D
Mercury_7192798,C,A,A,A,C,C
Mercury_7221078,C,C,C,C,C,C
Mercury_7004953,B,B,B,B,C,C
TIMSS_2003_8_pg94,D,D,D,D,D,D
Mercury_7095060,A,B,C,B,C,C
Mercury_7123358,A,A,C,A,A,A
Mercury_7069020,A,D,A,D,A,A
TIMSS_2003_8_pg117,B,A,A,A,B,B
VASoL_2008_3_32,B,B,B,D,B,B
Mercury_SC_400142,A,D,D,D,B,B
Mercury_7163818,D,D,D,D,D,D
Mercury_402502,D,D,D,D,D,D
Mercury_7130778,C,D,D,D,C,C
MEA_2010_8_18,C,A,D,D,D,D
Mercury_7211033,B,B,B,B,B,B
NYSEDREGENTS_2008_8_17,1,1,1,1,A,A
NAEP_2005_8_S11+1,C,A,A,D,C,C
Mercury_412774,C,C,B,D,C,C
MEA_2013_5_12,C,C,B,C,B,B
Mercury_7098473,B,B,B,C,A,A
Mercury_417593,A,A,C,A,A,A
Mercury_7081743,B,B,B,D,B,B
Mercury_7018410,C,A,B,C,A,A
Mercury_402563,B,B,B,B,B,B
Mercury_416407,C,D,D,D,B,B
Mercury_SC_400400,A,A,A,A,A,A
MCAS_2000_8_22,D,A,D,A,D,D
MCAS_8_2014_8,A,A,A,A,A,A
Mercury_7206430,A,A,A,A,A,A
Mercury_7185343,D,A,A,A,C,C
OHAT_2010_8_8,B,B,B,B,B,B
Mercury_405462,B,A,A,D,B,B
Mercury_SC_LBS10337,A,C,A,A,C,C
Mercury_7142520,C,C,C,C,C,C
Mercury_SC_405501,D,D,D,D,D,D
Mercury_7009555,C,D,A,D,C,C
Mercury_409085,A,A,A,A,B,B
NYSEDREGENTS_2012_4_2,A,C,A,C,A,A
Mercury_407539,D,D,D,D,D,D
ACTAAP_2013_7_16,D,D,D,D,D,D
AKDE&ED_2008_8_34,D,D,B,D,D,D
MCAS_2004_8_3,A,A,A,A,A,A
Mercury_415272,B,C,A,D,D,D
Mercury_405387,B,B,B,B,D,D
Mercury_7116323,D,D,D,D,D,D
Mercury_7213430,B,B,B,B,B,B
Mercury_7234360,A,A,C,B,A,A
Mercury_405685,D,A,D,B,A,A
Mercury_7236740,B,C,D,D,D,D
Mercury_7116235,A,A,B,A,D,D
Mercury_SC_405357,C,C,C,C,C,C
Mercury_7042945,B,A,A,C,A,A
Mercury_7106750,D,B,D,B,B,B
MDSA_2009_4_34,B,A,D,D,B,B
Mercury_7016310,C,C,C,C,C,C
VASoL_2007_3_1,A,A,A,C,A,A
Mercury_7030468,A,A,A,B,C,C
Mercury_SC_402616,D,A,D,A,D,D
Mercury_405464,A,A,D,D,A,A
Mercury_7205608,B,A,D,A,A,A
Mercury_7015208,B,C,B,C,C,C
Mercury_SC_409666,D,D,A,B,D,D
Mercury_7230353,B,C,C,C,C,C
Mercury_7150343,B,B,D,B,A,A
Mercury_7026723,D,D,D,D,D,D
Mercury_7024273,C,C,D,C,D,D
AKDE&ED_2008_8_40,C,B,C,B,C,C
Mercury_183033,B,B,A,D,B,B
Mercury_402364,D,C,C,C,A,A
Mercury_7263183,B,B,D,B,B,B
Mercury_7222530,B,B,A,B,B,B
OHAT_2009_8_36,C,C,C,C,C,C
Mercury_7141750,B,B,B,B,B,B
TIMSS_2011_4_pg45,A,A,C,C,B,B
MCAS_2014_5_5,A,A,C,A,A,A
Mercury_SC_409241,C,A,B,C,A,A
Mercury_SC_401147,C,C,D,D,C,C
Mercury_SC_LBS10273,D,D,D,D,D,D
Mercury_401523,A,A,C,A,D,D
Mercury_401865,D,C,C,A,C,C
MCAS_2013_8_29435,B,B,C,B,B,B
Mercury_SC_406720,C,D,C,D,C,C
NYSEDREGENTS_2013_8_34,1,1,1,1,A,A
Mercury_7038833,C,B,C,D,C,C
Mercury_175560,C,A,A,A,C,C
Mercury_7005005,C,C,C,C,C,C
Mercury_183890,D,D,A,A,D,D
Mercury_7270358,D,D,D,C,D,D
MCAS_2013_5_29411,C,C,C,C,C,C
ACTAAP_2007_7_31,C,B,C,C,C,C
Mercury_7082023,B,B,B,B,A,A
MCAS_2003_8_21,B,B,B,B,B,B
NYSEDREGENTS_2015_8_9,2,1,1,1,B,B
Mercury_7064750,D,B,B,B,D,D
TIMSS_2007_8_pg113,C,C,C,C,C,C
Mercury_7173583,C,A,D,A,D,D
Mercury_403930,C,B,A,D,D,D
Mercury_417118,C,C,C,C,C,C
Mercury_7143010,B,D,B,D,A,A
Mercury_SC_401801,A,A,A,A,A,A
Mercury_410334,B,B,B,C,B,B
NAEP_2000_4_S12+3,B,C,D,A,B,B
Mercury_7218015,D,D,D,D,C,C
Mercury_7109603,A,A,A,A,A,A
NYSEDREGENTS_2008_8_42,3,3,3,3,C,C
NAEP_2000_8_S11+11,B,C,D,D,C,C
Mercury_7271670,D,A,A,A,A,A
ACTAAP_2009_5_8,B,B,B,B,B,B
NYSEDREGENTS_2012_4_1,B,D,A,D,B,B
Mercury_SC_409030,D,B,C,C,B,B
MEA_2013_8_8,D,D,D,D,C,C
Mercury_7140333,D,A,A,A,B,B
Mercury_SC_LBS10664,C,D,B,D,D,D
Mercury_7171430,B,D,A,B,B,B
Mercury_SC_407572,D,D,D,D,D,D
VASoL_2009_3_2,D,A,A,A,D,D
Mercury_SC_407383,D,A,D,B,D,D
Mercury_7218400,B,D,B,A,B,B
Mercury_184818,D,B,B,B,B,B
Mercury_SC_405931,D,A,D,A,D,D
Mercury_SC_416177,C,D,D,B,B,B
Mercury_SC_406625,B,A,A,A,B,B
MCAS_2014_8_16,D,D,C,D,A,A
Mercury_7138460,C,A,A,A,C,C
Mercury_7129640,B,C,A,C,B,B
Mercury_7024290,B,C,D,C,B,B
NYSEDREGENTS_2008_4_28,C,A,D,D,D,D
Mercury_SC_414339,C,C,B,C,C,C
LEAP_2000_8_2,A,B,D,D,D,D
Mercury_7172270,A,A,A,A,A,A
Mercury_184205,C,A,B,A,C,C
Mercury_SC_400683,A,A,A,A,A,A
Mercury_7182210,B,B,D,A,B,B
Mercury_7238945,C,C,D,C,C,C
Mercury_SC_408748,D,D,D,D,D,D
MEA_2016_5_4,D,A,C,D,D,D
Mercury_7271513,D,A,D,D,D,D
Mercury_7189000,A,B,A,B,A,A
Mercury_SC_401585,A,C,C,C,C,C
Mercury_188528,D,C,C,C,C,C
Mercury_SC_415719,A,A,A,A,A,A
Mercury_SC_407072,A,A,B,A,A,A
Mercury_7091823,A,A,C,D,C,C
Mercury_7040985,B,A,B,D,B,B
Mercury_SC_409383,D,D,A,D,D,D
Mercury_SC_407080,D,A,A,A,A,A
MCAS_2000_4_34,A,B,B,B,A,A
Mercury_7032498,D,C,D,C,D,D
TAKS_2009_5_30,A,B,B,A,A,A
Mercury_SC_415761,C,A,D,C,C,C
ACTAAP_2008_5_10,D,D,A,D,D,D
Mercury_416671,D,D,D,D,D,D
Mercury_400803,D,A,D,A,B,B
Mercury_7005880,C,D,D,D,C,C
Mercury_7210508,C,B,C,D,C,C
NYSEDREGENTS_2013_4_1,C,C,C,B,C,C
NYSEDREGENTS_2008_4_12,C,A,C,A,C,C
Mercury_400091,B,C,B,C,C,C
Mercury_SC_402257,D,A,D,A,C,C
Mercury_7227815,D,C,B,C,A,A
ACTAAP_2010_7_3,A,B,A,B,A,A
Mercury_SC_410905,D,D,D,D,D,D
OHAT_2010_5_18,D,B,D,B,D,D
NAEP_2000_8_S11+10,A,A,C,A,D,D
MCAS_2003_8_29,B,D,C,D,B,B
Mercury_401433,D,D,B,D,D,D
TIMSS_1995_8_N4,B,C,C,C,B,B
Mercury_SC_405885,C,C,C,C,C,C
Mercury_7263638,B,B,B,B,C,C
Mercury_401428,B,C,D,A,B,B
Mercury_SC_402121,B,B,C,A,B,B
NYSEDREGENTS_2015_4_7,A,A,C,C,A,A
MCAS_2012_5_23614,C,C,B,C,D,D
Mercury_407262,A,A,C,A,A,A
MCAS_2014_8_6,B,A,C,B,A,A
Mercury_7032515,D,D,D,D,D,D
Mercury_7270165,C,C,D,C,A,A
Mercury_7017045,B,B,A,B,C,C
Mercury_SC_400386,A,B,A,C,B,B
Mercury_400750,D,D,D,D,D,D
MCAS_2006_9_28-v1,C,A,D,C,C,C
Mercury_416376,D,A,B,B,A,A
Mercury_7086520,A,A,B,D,A,A
Mercury_7014333,A,A,B,A,A,A
Mercury_SC_406623,A,A,C,B,A,A
Mercury_7042648,A,B,B,B,A,A
MCAS_2004_8_23,B,B,B,B,B,B
MCAS_2013_8_29425,A,A,B,A,A,A
MEAP_2005_5_15,B,B,C,B,A,A
Mercury_7016258,B,B,B,B,B,B
NCEOGA_2013_8_5,A,B,B,B,A,A
Mercury_7015540,B,D,A,D,A,A
Mercury_SC_414001,D,A,A,A,D,D
Mercury_7017973,D,A,D,A,C,C
Mercury_407097,C,A,C,A,A,A
Mercury_SC_406794,C,C,C,C,B,B
Mercury_7227710,D,C,C,C,D,D
Mercury_SC_406710,C,B,D,B,A,A
Mercury_401926,D,C,B,B,D,D
MCAS_2014_5_15,D,D,C,A,D,D
Mercury_LBS10151,A,C,B,D,C,C
ACTAAP_2013_5_8,B,D,D,D,B,B
Mercury_SC_407592,A,A,D,A,B,B
TIMSS_1995_8_L6,D,C,C,C,A,A
Mercury_7233398,C,A,B,B,A,A
Mercury_407664,D,B,D,C,D,D
Mercury_SC_408657,D,B,D,B,D,D
Mercury_7142800,B,C,D,C,A,A
Mercury_SC_410837,B,B,D,B,B,B
Mercury_7154315,A,A,D,A,A,A
Mercury_7239628,D,B,B,B,D,D
Mercury_401241,A,C,C,C,D,D
Mercury_SC_408251,A,B,B,B,B,B
Mercury_7175893,D,C,C,C,D,D
Mercury_7202843,A,B,A,B,A,A
Mercury_7159023,C,B,C,B,C,C
MDSA_2008_8_3,D,B,D,D,D,D
Mercury_7218348,A,A,C,C,A,A
Mercury_SC_406458,D,D,D,D,D,D
LEAP_2007_4_10280,A,C,A,C,C,C
Mercury_7216965,C,C,C,C,C,C
NYSEDREGENTS_2010_8_42,2,1,3,1,A,A
LEAP__7_10351,C,D,C,D,D,D
Mercury_SC_400590,D,D,D,D,D,D
Mercury_7086608,B,D,D,D,D,D
Mercury_7187863,D,B,D,D,D,D
Mercury_7120873,C,B,D,B,C,C
Mercury_184730,B,C,A,D,B,B
Mercury_SC_401265,D,D,D,D,D,D
OHAT_2009_8_34,D,A,C,D,D,D
Mercury_406639,B,B,B,B,A,A
Mercury_7008610,D,A,C,A,D,D
MCAS_2009_8_12,A,B,C,C,C,C
MCAS_2005_8_12,C,A,C,B,A,A
ACTAAP_2008_7_4,B,D,D,D,C,C
NYSEDREGENTS_2008_4_3,D,D,D,D,D,D
Mercury_SC_416181,B,B,C,B,B,B
NYSEDREGENTS_2010_4_30,B,B,B,B,B,B
Mercury_7025060,D,B,A,B,C,C
Mercury_SC_402103,D,B,D,D,D,D
VASoL_2009_5_37,C,D,A,B,C,C
Mercury_SC_402981,D,B,B,D,B,B
NYSEDREGENTS_2008_8_5,2,2,4,2,B,B
MCAS_1998_4_13,B,B,B,B,B,B
MDSA_2008_8_20,C,C,C,C,C,C
Mercury_SC_400134,D,B,B,B,B,B
Mercury_SC_LBS10265,C,C,C,C,C,C
Mercury_7188580,A,A,D,B,A,A
Mercury_402348,A,B,B,B,A,A
Mercury_7030555,C,C,C,C,C,C
Mercury_SC_415453,A,C,A,B,D,D
Mercury_7074848,A,C,C,B,A,A
Mercury_SC_400582,A,C,C,C,C,C
Mercury_SC_401168,C,C,C,C,C,C
Mercury_180828,C,C,C,C,C,C
FCAT_2008_5_1,A,C,D,D,C,C
TAKS_2009_5_25,C,A,A,A,C,C
Mercury_SC_LBS10392,A,D,B,B,A,A
Mercury_7212905,B,C,D,D,B,B
Mercury_7212888,A,B,B,B,B,B
MDSA_2007_8_42,D,A,D,D,C,C
Mercury_SC_415534,B,B,B,D,A,A
Mercury_7213413,D,C,B,C,C,C
Mercury_7068635,C,C,C,C,D,D
Mercury_417137,C,A,C,C,A,A
Mercury_7268258,C,D,C,D,C,C
NAEP_2005_4_S13+14,C,A,C,C,C,C
Mercury_SC_406089,D,D,D,D,D,D
Mercury_SC_400700,C,A,C,D,C,C
Mercury_7223493,A,B,B,B,A,A
Mercury_SC_405928,D,D,C,D,D,D
MCAS_2009_5_6518,D,B,A,B,B,B
MCAS_2006_9_1,B,B,C,B,A,A
Mercury_7239383,B,A,C,C,B,B
Mercury_SC_400130,B,C,A,C,C,C
Mercury_401426,D,B,A,C,B,B
MCAS_2010_8_12016,C,A,B,A,A,A
Mercury_SC_400324,B,B,B,B,D,D
Mercury_SC_LBS10662,C,C,C,C,C,C
VASoL_2009_3_8,D,A,A,A,B,B
Mercury_SC_401185,C,A,B,A,A,A
NYSEDREGENTS_2015_8_29,3,3,4,3,C,C
Mercury_7234378,D,D,A,C,C,C
ACTAAP_2014_7_3,D,A,A,A,D,D
MDSA_2008_8_27,D,B,D,C,B,B
Mercury_7004725,A,D,A,D,A,A
Mercury_405143,C,A,A,C,A,A
MCAS_2003_8_7,A,A,A,A,A,A
Mercury_SC_405341,A,B,D,C,C,C
Mercury_7283833,B,D,D,D,C,C
Mercury_7159303,A,A,A,A,A,A
Mercury_406427,C,A,C,A,A,A
Mercury_SC_414129,B,A,C,A,A,A
Mercury_7108990,A,B,B,B,A,A
Mercury_SC_407315,A,D,D,C,A,A
Mercury_SC_408663,B,B,C,B,B,B
MEA_2013_8_18,A,A,B,B,A,A
Mercury_7111125,A,A,A,A,A,A
LEAP_2009_8_10430,A,A,A,A,A,A
Mercury_7165218,D,D,D,D,D,D
MEA_2013_8_15,A,A,C,C,A,A
